<?xml version="1.0" encoding="UTF-8"?>
<!-- generated by eXe - http://exelearning.org -->
<manifest identifier="eXeayf015014e7d81fd04498551" xmlns="http://www.imsproject.org/xsd/imscp_rootv1p1p2" xmlns:adlcp="http://www.adlnet.org/xsd/adlcp_rootv1p2" xmlns:imsmd="http://www.imsglobal.org/xsd/imsmd_v1p2" xmlns:xsi="http://www.w3.org/2001/XMLSchema-instance" xsi:schemaLocation="http://www.imsproject.org/xsd/imscp_rootv1p1p2 imscp_rootv1p1p2.xsd http://www.imsglobal.org/xsd/imsmd_rootv1p2p1 imsmd_rootv1p2p1.xsd http://www.adlnet.org/xsd/adlcp_rootv1p2 adlcp_rootv1p2.xsd" > 
<metadata> 
 <schema>ADL SCORM</schema> 
 <schemaversion>1.2</schemaversion> 
 <adlcp:location>imslrm.xml</adlcp:location> 
</metadata> 
<organizations default="eXeayf015014e7d81fd04498552">  
  <organization identifier="eXeayf015014e7d81fd04498552" structure="hierarchical">
<title>GETTING THE FIRST JOB.</title>
<item identifier="ITEM-eXeayf015014e7d81fd04498553" isvisible="true" identifierref="RES-eXeayf015014e7d81fd04498554">
    <title>GETTING THE FIRST JOB.</title>
<item identifier="ITEM-eXeayf015014e7d81fd04498555" isvisible="true" identifierref="RES-eXeayf015014e7d81fd04498556">
    <title>1. AT A JOB INTERVIEW.</title>
</item>
<item identifier="ITEM-eXeayf015014e7d81fd04498557" isvisible="true" identifierref="RES-eXeayf015014e7d81fd04498558">
    <title>2. GRAMMAR CONTENTS: Verbal Tenses</title>
<item identifier="ITEM-eXeayf015014e7d81fd04498559" isvisible="true" identifierref="RES-eXeayf015014e7d81fd0449855a">
    <title>2.1. PRESENT SIMPLE.</title>
</item>
<item identifier="ITEM-eXeayf015014e7d81fd0449855b" isvisible="true" identifierref="RES-eXeayf015014e7d81fd0449855c">
    <title>2.2. PRESENT CONTINUOUS.</title>
</item>
<item identifier="ITEM-eXeayf015014e7d81fd0449855d" isvisible="true" identifierref="RES-eXeayf015014e7d81fd0449855e">
    <title>2.3. PAST SIMPLE.</title>
</item>
<item identifier="ITEM-eXeayf015014e7d81fd0449855f" isvisible="true" identifierref="RES-eXeayf015014e7d81fd044985510">
    <title>2.4. GRAMMAR CONTENTS: SELF ASSESSMENT.</title>
</item>
</item>
<item identifier="ITEM-eXeayf015014e7d81fd044985511" isvisible="true" identifierref="RES-eXeayf015014e7d81fd044985512">
    <title>Appendix- Licences of Resources</title>
</item>
</item>
  </organization>
</organizations>
<resources>
  <resource identifier="RES-eXeayf015014e7d81fd04498554" type="webcontent" adlcp:scormtype="sco" href="index.html"> 
    <file href="index.html"/>
    <file href="base.css"/>
    <file href="content.css"/>
    <file href="popup_bg.gif"/>
    <file href="APIWrapper.js"/>
    <file href="SCOFunctions.js"/>
    <file href="AYF01_CONT_R01_Pamela.png"/>
    <file href="icon_casopracticofpd.gif"/>
  </resource>
  <resource identifier="RES-eXeayf015014e7d81fd04498556" type="webcontent" adlcp:scormtype="sco" href="1_at_a_job_interview.html"> 
    <file href="1_at_a_job_interview.html"/>
    <file href="base.css"/>
    <file href="content.css"/>
    <file href="popup_bg.gif"/>
    <file href="APIWrapper.js"/>
    <file href="SCOFunctions.js"/>
    <file href="icon_reflexionfpd.gif"/>
    <file href="icon_parasabermasfpd.gif"/>
    <file href="icon_debesconocerfpd.gif"/>
    <file href="icon_casopracticofpd.gif"/>
    <file href="common.js"/>
  </resource>
  <resource identifier="RES-eXeayf015014e7d81fd04498558" type="webcontent" adlcp:scormtype="sco" href="2_grammar_contents_verbal_tenses.html"> 
    <file href="2_grammar_contents_verbal_tenses.html"/>
    <file href="base.css"/>
    <file href="content.css"/>
    <file href="popup_bg.gif"/>
    <file href="APIWrapper.js"/>
    <file href="SCOFunctions.js"/>
    <file href="icon_citasparapensarfpd.gif"/>
    <file href="icon_casopracticofpd.gif"/>
  </resource>
  <resource identifier="RES-eXeayf015014e7d81fd0449855a" type="webcontent" adlcp:scormtype="sco" href="21_present_simple.html"> 
    <file href="21_present_simple.html"/>
    <file href="base.css"/>
    <file href="content.css"/>
    <file href="popup_bg.gif"/>
    <file href="APIWrapper.js"/>
    <file href="SCOFunctions.js"/>
    <file href="AYF__CONT_R06_02_PRESENTSIMPLE.png"/>
    <file href="AYF__CONT_R06_01_PRESENTSIMPLE.png"/>
    <file href="AYF__CONT_R06_PRESENTSIMPLE.png"/>
  </resource>
  <resource identifier="RES-eXeayf015014e7d81fd0449855c" type="webcontent" adlcp:scormtype="sco" href="22_present_continuous.html"> 
    <file href="22_present_continuous.html"/>
    <file href="base.css"/>
    <file href="content.css"/>
    <file href="popup_bg.gif"/>
    <file href="APIWrapper.js"/>
    <file href="SCOFunctions.js"/>
    <file href="AYF01_CONT_R07_PRESENTCONTINUOUS.png"/>
    <file href="AYF01_CONT_R07_01_PRESENTCONTINUOUS.1.png"/>
  </resource>
  <resource identifier="RES-eXeayf015014e7d81fd0449855e" type="webcontent" adlcp:scormtype="sco" href="23_past_simple.html"> 
    <file href="23_past_simple.html"/>
    <file href="base.css"/>
    <file href="content.css"/>
    <file href="popup_bg.gif"/>
    <file href="APIWrapper.js"/>
    <file href="SCOFunctions.js"/>
    <file href="AYF01_CONT_R09_presen_simple.swf"/>
  </resource>
  <resource identifier="RES-eXeayf015014e7d81fd044985510" type="webcontent" adlcp:scormtype="sco" href="24_grammar_contents_self_assessment.html"> 
    <file href="24_grammar_contents_self_assessment.html"/>
    <file href="base.css"/>
    <file href="content.css"/>
    <file href="popup_bg.gif"/>
    <file href="APIWrapper.js"/>
    <file href="SCOFunctions.js"/>
    <file href="AYF01_CONT_R10_limpiando.png"/>
    <file href="icon_casopracticofpd.gif"/>
    <file href="icon_parasabermasfpd.gif"/>
    <file href="panel-amusements.png"/>
    <file href="common.js"/>
    <file href="stock-stop.png"/>
    <file href="icon_autoevaluacionfpd.gif"/>
    <file href="libot_drag.js"/>
  </resource>
  <resource identifier="RES-eXeayf015014e7d81fd044985512" type="webcontent" adlcp:scormtype="sco" href="appendix_licences_of_resources.html"> 
    <file href="appendix_licences_of_resources.html"/>
    <file href="base.css"/>
    <file href="content.css"/>
    <file href="popup_bg.gif"/>
    <file href="APIWrapper.js"/>
    <file href="SCOFunctions.js"/>
    <file href="AYF__CONT_R06_01_PRESENTSIMPLE.jpg"/>
    <file href="AYF01_CONT_R07_01_PRESENTCONTINUOUS.jpg"/>
    <file href="AYF01_AUX_R09_PRESENT.jpg"/>
    <file href="AYF01_AUX_R13_1_MP900443455.1.jpg"/>
  </resource>
</resources>
</manifest>
